,index,age_end,age_start,age_weights,area,data_type,effective_sample_size,lower_ci,sex,standard_error,upper_ci,value,x_cv_ascertainment,x_cv_diagnostic_criteria,x_cv_representative,year_end,year_start
4,4,99,60,,DEU,p,93.0,,total,-0.00099,,0.0,1,1,0,1998,1998
5,5,79,75,,DEU,p,171.0,,total,-0.99,,0.00584795321634,0,0,0,1997,1997
6,6,89,85,,DEU,p,115.0,,total,-0.99,,0.0260869565215,0,0,0,1997,1997
7,7,74,70,,DEU,p,270.0,,total,-0.99,,0.0,0,0,0,1997,1997
8,8,84,80,,DEU,p,154.0,,total,-0.99,,0.0,0,0,0,1997,1997
9,9,69,65,,DEU,p,272.0,,total,-0.99,,0.0,0,0,0,1997,1997
10,10,99,65,,DEU,p,982.0,,total,-99.0,,0.0,1,0,0,1992,1992
13,13,69,55,,AUS,p,467.0,,total,-99.0,,0.0042826552462399995,0,0,0,2005,2005
14,14,99,70,,AUS,p,559.0,,total,-99.0,,0.0125223613595,0,0,0,2005,2005
16,16,99,30,,SAU,p,22630.0,,total,-0.099,,0.00344675209898,1,1,0,1989,1989
18,18,99,65,,DEU,p,588.0,0.0,female,-99.0,0.01,0.00680272108842,0,0,0,1992,1992
19,19,59,20,,DEU,p,2273872.0,,total,-99.0,,0.0001671158271,0,0,0,1993,1981
22,22,99,70,,LBY,p,10173.0,,female,-0.00099,,0.022117369507499998,1,1,0,1985,1985
30,30,84,80,,ESP,p,460.0,0.021,female,-0.99,0.057,0.006521739130420001,1,1,0,1994,1994
34,34,99,85,,ESP,p,326.0,0.004,female,-0.99,0.032,0.009202453987700001,1,1,0,1994,1994
35,35,74,70,,ESP,p,787.0,0.005,female,-0.99,0.021,0.00381194409148,1,1,0,1994,1994
38,38,79,75,,ESP,p,555.0,0.0,female,-0.99,0.011000000000000001,0.0126126126126,1,1,0,1994,1994
39,39,69,65,,ESP,p,912.0,0.0,female,-0.99,0.003,0.00219298245614,1,1,0,1994,1994
40,40,99,85,,ESP,p,80.0,,female,-0.99,,0.0124999999998,1,1,0,1999,1999
41,41,97,75,,AUS,p,255.0,,female,-99.0,,0.0039215686274399995,1,1,0,1994,1991
42,42,99,80,,BGR,p,229.0,,total,-0.00099,,0.0043668122270600004,0,0,0,1999,1999
43,43,99,85,,ESP,p,80.0,,female,-0.99,,0.0374999999995,1,1,0,1996,1996
46,46,84,75,,ESP,p,258.0,,female,-0.99,,0.00387596899223,1,1,0,1999,1999
47,47,84,75,,ESP,p,258.0,,female,-0.99,,0.00387596899223,1,1,0,1996,1996
48,48,74,65,,ESP,p,387.0,,female,-0.99,,0.0,1,1,0,1996,1996
51,51,74,65,,ESP,p,387.0,,female,-0.99,,0.0051679586563199995,0,0,0,1999,1999
55,55,69,60,,LBY,p,4515.0,,female,-0.00099,,0.0,1,1,0,1985,1985
56,56,59,50,,LBY,p,10650.0,,female,-0.00099,,0.000845070422535,1,1,0,1985,1985
58,58,79,70,,ESP,p,3346.0,,female,-0.00099,,0.0032875074716100005,1,0,0,1995,1987
59,59,99,80,,ARG,p,384.0,,total,-0.00099,,0.015625,0,0,0,1991,1991
60,60,89,80,,ESP,p,1777.0,,female,-0.00099,,0.007315700619020001,1,0,0,1995,1987
62,62,99,80,,BGR,p,639.0,,total,-0.00099,,0.00625978090766,0,0,0,1999,1999
63,63,99,90,,ESP,p,244.0,,female,-0.00099,,0.0163934426229,1,0,0,1995,1987
64,64,69,60,,ESP,p,4282.0,,female,-0.00099,,0.005604857543199999,1,0,0,1995,1987
66,66,59,50,,ESP,p,3487.0,,female,-0.00099,,0.00258101519931,1,0,0,1995,1987
67,67,49,40,,ESP,p,2840.0,,female,-0.00099,,0.0,1,0,0,1995,1987
68,68,39,30,,ESP,p,14186.0,,female,-0.00099,,7.04920344001e-05,1,0,0,1995,1987
72,72,99,40,,ESP,p,,0.00774,total,-0.099,0.01951,0.00936882648795,1,0,0,1997,1994
73,73,79,75,,BGR,p,545.0,,total,-0.00099,,0.00917431192659,0,0,0,1999,1999
75,75,99,40,,ESP,p,858.0,,female,-0.099,,0.0,1,0,0,1997,1994
77,77,94,90,,ESP,p,20.0,,female,-0.99,,0.0,0,0,0,1989,1988
79,79,79,75,,ESP,p,256.0,,female,-0.99,,0.0,0,0,0,1989,1988
81,81,89,85,,ESP,p,90.0,,female,-0.99,,0.011111111111,0,0,0,1989,1988
83,83,84,80,,ESP,p,170.0,,female,-0.99,,0.0,0,0,0,1989,1988
84,84,79,75,,ESP,p,159.0,,female,-0.99,,0.00628930817606,0,0,0,1989,1988
86,86,89,85,,ESP,p,137.0,,female,-0.99,,0.0072992700729400005,0,0,0,1989,1988
87,87,94,90,,ESP,p,44.0,,female,-0.99,,0.0,0,0,0,1989,1988
89,89,74,70,,ESP,p,328.0,,female,-0.99,,0.00914634146339,0,0,0,1989,1988
91,91,79,75,,BGR,p,2465.0,,total,-0.00099,,0.0194726166329,0,0,0,1999,1999
92,92,84,80,,ESP,p,150.0,,female,-0.99,,0.0,0,0,0,1989,1988
95,95,74,70,,ESP,p,75.0,,female,-0.99,,0.0,0,0,0,1989,1988
96,96,89,85,,ESP,p,279.0,,total,-0.99,,0.0143369175627,0,0,0,1997,1997
97,97,84,80,,ESP,p,302.0,,total,-0.99,,0.0099337748344,0,0,0,1997,1997
98,98,89,85,,ESP,p,637.0,,total,-0.99,,0.0031397174254299996,0,0,0,1997,1997
99,99,99,90,,ESP,p,286.0,,total,-0.99,,0.020979020978900004,0,0,0,1997,1997
100,100,79,75,,ESP,p,311.0,,total,-0.99,,0.009646302250770001,0,0,0,1997,1997
101,101,99,90,,ESP,p,89.0,,total,-0.99,,0.0112359550561,0,0,0,1997,1997
102,102,95,85,,NZL,p,822.0,,female,-0.00099,,0.00608272506082,0,0,0,2005,2005
103,103,79,75,,ESP,p,618.0,,total,-0.99,,0.00809061488672,0,0,0,1997,1997
105,105,49,40,,LBY,p,18425.0,,female,-0.00099,,0.000325644504749,1,1,0,1985,1985
106,106,84,80,,ESP,p,478.0,,total,-0.99,,0.0083682008368,0,0,0,1997,1997
107,107,74,70,,ESP,p,146.0,,total,-0.99,,0.00684931506845,0,0,0,1997,1997
108,108,69,65,,ESP,p,868.0,,total,-0.99,,0.00576036866359,0,0,0,1997,1997
109,109,74,70,,ESP,p,836.0,,total,-0.99,,0.0023923444976,0,0,0,1997,1997
110,110,99,80,,ARG,p,247.0,,female,-0.00099,,0.020242914979700002,0,0,0,1991,1991
111,111,99,65,,ESP,p,,0.009323999999999999,total,-0.00099,0.010695999999999999,0.000580933092077,1,1,0,1994,1993
113,113,65,30,,ESP,p,,5.6000000000000006e-05,total,-0.00099,0.00010400000000000001,0.00124645540156,1,1,0,1994,1993
123,123,79,70,,ARG,p,1216.0,,total,-0.00099,,0.00328947368421,0,0,0,1991,1991
129,129,99,30,,FIN,p,104704.0,,female,-0.00099,,0.00419277200489,0,0,0,1992,1992
130,130,99,70,,IND,p,220.0,,female,-0.00099,,0.0,0,0,0,1993,1992
131,131,79,70,,ARG,p,722.0,,female,-0.00099,,0.00415512465373,0,0,0,1991,1991
135,135,99,30,,GBR,p,,0.0012,total,-0.00099,0.00173,0.0013857007300400001,1,1,0,1998,1998
137,137,84,80,,GBR,p,2022.0,,female,-0.00099,,0.00148367952522,0,0,0,1984,1983
138,138,99,85,,GBR,p,1014.0,,female,-0.00099,,0.0207100591716,0,0,0,1984,1983
142,142,79,75,,GBR,p,3564.0,,female,-0.00099,,0.0224466891133,0,0,0,1984,1983
145,145,74,70,,GBR,p,4405.0,,female,-0.00099,,0.0049943246311,0,0,0,1984,1983
148,148,69,65,,GBR,p,4730.0,,female,-0.00099,,0.00443974630021,0,0,0,1984,1983
152,152,64,60,,GBR,p,4601.0,,female,-0.00099,,0.00195609650076,0,0,0,1984,1983
153,153,59,55,,GBR,p,5181.0,,female,-0.00099,,0.000193012931866,0,0,0,1984,1983
155,155,54,50,,GBR,p,5155.0,,female,-0.00099,,0.0005819592628509999,0,0,0,1984,1983
157,157,49,45,,GBR,p,4902.0,,female,-0.00099,,0.000611995104039,0,0,0,1984,1983
158,158,44,40,,GBR,p,4226.0,,female,-0.00099,,0.000473260766682,0,0,0,1984,1983
161,161,99,30,,GBR,p,151.0,,total,-99.0,,0.0,0,1,0,1995,1995
164,164,79,70,,EST,p,6356.0,0.011590000000000001,female,-0.00099,0.01296,0.0070799244808,0,0,0,1996,1996
165,165,99,80,,GBR,p,2607.0,,female,-0.00099,,0.00882240122746,0,0,0,1997,1997
169,169,79,70,,GBR,p,3540.0,,female,-0.00099,,0.007062146892649999,0,0,0,1997,1997
174,174,69,60,,GBR,p,4184.0,,female,-0.00099,,0.00358508604206,0,0,0,1997,1997
178,178,59,50,,GBR,p,5714.0,,female,-0.00099,,0.0012250612530599998,0,0,0,1997,1997
182,182,99,80,,SGP,p,545.0,0.01,female,-99.0,0.02,0.0275229357798,0,0,0,2001,2001
183,183,39,30,,GBR,p,11667.0,,female,-0.00099,,0.0,0,0,0,1997,1997
186,186,49,40,,GBR,p,7971.0,,female,-0.00099,,0.00012545477355399998,0,0,0,1997,1997
187,187,29,0,,GBR,p,49324.0,,total,-0.00099,,0.0,1,1,0,1997,1997
189,189,99,80,,EST,p,3624.0,0.00985,female,-0.00099,0.01112,0.0060706401766,0,0,0,1996,1996
194,194,74,70,,BGR,p,887.0,,total,-0.00099,,0.00338218714769,0,0,0,1999,1999
198,198,99,80,,GBR,p,3832.0,,female,-0.00099,,0.00234864300626,1,1,0,1982,1982
200,200,79,70,,GBR,p,7781.0,,female,-0.00099,,0.007454054748749999,1,1,0,1982,1982
202,202,69,60,,GBR,p,10000.0,,female,-0.00099,,0.0003,1,1,0,1982,1982
205,205,59,50,,GBR,p,11111.0,,female,-0.00099,,0.000180001800018,1,1,0,1982,1982
206,206,84,80,,JPN,p,1759.0,,total,-0.00099,,0.0017055144968699998,1,1,0,2000,2000
207,207,50,30,,GBR,p,66667.0,,female,-0.00099,,0.0,1,1,0,1982,1982
210,210,70,61,,IND,p,450.0,,female,-0.00099,,0.013333333333299998,0,0,0,1993,1992
212,212,84,80,,GBR,p,3901.0,,female,-0.00099,,0.0143552935145,0,0,0,1989,1989
214,214,39,30,,LBY,p,207392.0,,female,-0.00099,,9.6435735226e-06,1,1,0,1985,1985
216,216,74,70,,BGR,p,4120.0,,total,-0.00099,,0.00679611650485,0,0,0,1999,1999
217,217,84,75,,NZL,p,2914.0,,female,-0.00099,,0.0017158544955399998,0,0,0,2005,2005
219,219,99,85,,GBR,p,3399.0,,female,-0.00099,,0.017652250662,0,0,0,1989,1989
221,221,79,75,,GBR,p,5297.0,,female,-0.00099,,0.0035869360015100002,0,0,0,1989,1989
223,223,74,70,,GBR,p,6198.0,,female,-0.00099,,0.007744433688290001,0,0,0,1989,1989
224,224,84,80,,JPN,p,707.0,,female,-0.00099,,0.004243281471,0,0,0,1994,1992
226,226,69,65,,GBR,p,7394.0,,female,-0.00099,,0.000811468758453,0,0,0,1989,1989
227,227,84,80,,JPN,p,1077.0,,female,-0.00099,,0.0037140204271100003,1,1,0,2000,2000
233,233,64,60,,GBR,p,7080.0,,female,-0.00099,,0.00338983050847,0,0,0,1989,1989
234,234,74,70,,JPN,p,1523.0,,female,-0.00099,,0.010505581089899999,0,0,0,1994,1992
238,238,59,55,,GBR,p,4598.0,,female,-0.00099,,0.00043497172683800003,0,0,0,1989,1989
239,239,54,50,,GBR,p,7692.0,,female,-0.00099,,0.00026001040041599997,0,0,0,1989,1989
240,240,49,45,,GBR,p,10000.0,,female,-0.00099,,0.0003,0,0,0,1989,1989
243,243,79,70,,JPN,p,2786.0,,female,-0.00099,,0.0007178750897339999,1,0,0,1985,1985
245,245,40,30,,GBR,p,100000.0,,female,-0.00099,,4e-05,0,0,0,1989,1989
246,246,44,40,,GBR,p,12500.0,,female,-0.00099,,0.0008,0,0,0,1989,1989
249,249,99,30,,GBR,p,250000.0,,total,-0.00099,,0.0008359999999999999,1,1,0,1984,1984
252,252,99,30,,TUN,p,34874.0,,total,-0.00099,,0.0073980615931599995,1,1,0,1990,1985
254,254,99,60,,ISR,p,14646.0,,total,-0.00099,,0.00177522873139,0,0,0,1998,1998
258,258,99,40,,ARG,p,7765.0,,total,-0.00099,,0.020347714101700002,0,0,0,1991,1991
260,260,59,40,,ISR,p,38458.0,,total,-0.00099,,0.000338031098861,0,0,0,1998,1998
262,262,69,60,,ARG,p,2198.0,,total,-0.00099,,0.0068243858052700005,0,0,0,1991,1991
263,263,39,30,,ISR,p,23663.0,,total,-0.00099,,8.45201369226e-05,0,0,0,1998,1998
264,264,79,75,,JPN,p,1104.0,,female,-0.00099,,0.0,0,0,0,1994,1992
265,265,69,65,,BGR,p,1116.0,,total,-0.00099,,0.0026881720430100005,0,0,0,1999,1999
266,266,99,40,,ISR,p,64185.0,,total,-0.00099,,0.00923891875049,1,1,1,1994,1989
269,269,89,80,,ITA,p,1927.0,,female,-0.00099,,0.0057083549558900005,1,0,0,1991,1991
270,270,79,70,,ITA,p,3145.0,,female,-0.00099,,0.000635930047695,1,0,0,1991,1991
272,272,69,60,,ITA,p,4617.0,,female,-0.00099,,0.000216590859866,1,0,0,1991,1991
273,273,99,50,,ITA,p,,0.0013800000000000002,total,-0.00099,0.0020399999999999997,0.0057128574029,1,0,0,1991,1991
275,275,59,50,,ITA,p,4476.0,,female,-0.00099,,0.000223413762288,1,0,0,1991,1991
276,276,49,0,,ITA,p,17946.0,,female,-0.00099,,5.57227237267e-05,1,0,0,1991,1991
278,278,74,70,,TUR,p,59.0,,female,-0.99,,0.0,1,0,0,2000,1999
279,279,99,85,,JPN,p,1341.0,,total,-0.00099,,0.008202833706180001,1,1,0,2000,2000
283,283,69,60,,EST,p,9367.0,0.00509,female,-0.00099,0.00601,0.006405465997649999,0,0,0,1996,1996
287,287,99,85,,JPN,p,1113.0,,female,-0.00099,,0.00269541778975,1,1,0,2000,2000
288,288,99,40,,ARG,p,4367.0,,female,-0.00099,,0.00274788184108,0,0,0,1991,1991
290,290,69,65,,BGR,p,4421.0,,total,-0.00099,,0.00180954535173,0,0,0,1999,1999
291,291,79,75,,TUR,p,57.0,,female,-0.99,,0.0,1,0,0,2000,1999
292,292,74,65,,NZL,p,4600.0,,female,-0.00099,,0.00630434782609,0,0,0,2005,2005
297,297,99,74,,ITA,p,1287.0,,female,-0.00099,,0.032634032634,0,0,0,1987,1987
299,299,74,70,,ITA,p,969.0,,female,-0.00099,,0.009287925696580001,0,0,0,1987,1987
300,300,59,55,,ITA,p,133.0,,female,-0.00099,,0.0,0,0,0,1987,1987
302,302,69,60,,ARG,p,1238.0,,female,-0.00099,,0.0016155088853,0,0,0,1991,1991
303,303,69,65,,ITA,p,1152.0,,female,-0.00099,,0.0017361111111099997,0,0,0,1987,1987
304,304,79,70,,POL,p,131881.0,,total,-0.00099,,0.0031316110736199997,1,1,0,1986,1986
306,306,79,70,,SGP,p,1476.0,0.0,female,-99.0,0.01,0.012872628726299998,0,0,0,2001,2001
307,307,89,80,,JPN,p,1338.0,,female,-0.00099,,0.0022421524663699998,1,0,0,1985,1985
308,308,99,60,,BOL,p,497.0,0.0,total,-0.00099,0.010759999999999999,0.00804828973841,0,0,0,1994,1994
309,309,64,60,,ITA,p,999.0,,female,-0.00099,,0.005005005005,0,0,0,1987,1987
311,311,99,30,,ITA,p,19630.0,,female,-0.00099,,0.00137544574631,0,0,0,1987,1987
312,312,79,75,,JPN,p,3013.0,,total,-0.00099,,0.00298705609027,1,1,0,2000,2000
313,313,99,30,,ITA,p,19630.0,,female,-0.00099,,0.00045848191543599996,0,0,0,1987,1987
315,315,69,20,,AUS,p,8500.0,,total,-0.00099,,0.0,0,0,0,1995,1995
319,319,49,45,,ITA,p,1237.0,,female,-0.00099,,0.0008084074373480001,0,0,0,1987,1987
322,322,99,30,,URY,p,1975.0,,total,-0.099,,0.0156962025316,0,0,0,1994,1994
325,325,44,40,,ITA,p,1370.0,,female,-0.00099,,0.0,0,0,0,1987,1987
326,326,54,50,,ITA,p,1341.0,,female,-0.00099,,0.0022371364653200002,0,0,0,1987,1987
330,330,69,65,,JPN,p,3101.0,,female,-0.00099,,0.00225733634311,1,1,0,2000,2000
331,331,84,80,,ITA,p,542.0,,female,-0.99,,0.0110701107011,0,0,0,1989,1988
334,334,59,50,,BOL,p,479.0,0.0,total,-0.00099,0.00892,0.0,0,0,0,1994,1994
335,335,69,60,,JPN,p,4143.0,,female,-0.00099,,0.00217233888487,1,0,0,1985,1985
336,336,79,75,,ITA,p,541.0,,female,-0.99,,0.00184842883549,0,0,0,1989,1988
338,338,74,70,,ITA,p,538.0,,female,-0.99,,0.00185873605948,0,0,0,1989,1988
342,342,99,30,,IND,p,14010.0,,total,-0.00099,,0.00371163454675,1,1,0,1985,1985
343,343,69,65,,JPN,p,5799.0,,total,-0.00099,,0.000689774098982,1,1,0,2000,2000
344,344,74,70,,JPN,p,4599.0,,total,-0.00099,,0.00021743857360299998,1,1,0,2000,2000
345,345,69,65,,ITA,p,568.0,,female,-0.99,,0.005281690140840001,0,0,0,1989,1988
349,349,84,80,,ITA,p,1094.0,,total,-0.99,,0.00457038391224,0,0,0,1997,1997
350,350,79,75,,ITA,p,1109.0,,total,-0.99,,0.0018034265103699996,0,0,0,1997,1997
351,351,74,70,,ITA,p,1143.0,,total,-0.99,,0.0,0,0,0,1997,1997
352,352,64,60,,BGR,p,1345.0,,total,-0.00099,,0.00371747211896,0,0,0,1999,1999
353,353,69,60,,POL,p,23576.0,,total,-0.00099,,0.0010179843909099999,1,1,0,1986,1986
354,354,74,70,,JPN,p,2416.0,,female,-0.00099,,0.00620860927152,1,1,0,2000,2000
355,355,69,65,,ITA,p,1150.0,,total,-0.99,,0.006956521739120001,0,0,0,1997,1997
357,357,79,75,,JPN,p,1795.0,,female,-0.00099,,0.00779944289693,1,1,0,2000,2000
358,358,69,65,,JPN,p,2159.0,,female,-0.00099,,0.00277906438166,0,0,0,1994,1992
359,359,89,80,,ITA,p,286.0,,female,-0.00099,,0.00699300699298,0,0,0,1987,1987
361,361,99,60,,IND,p,3252.0,,total,-0.00099,,0.009225092250919999,0,1,0,1986,1986
362,362,69,60,,SGP,p,2780.0,0.0,female,-99.0,0.01,0.0046762589928,0,0,0,2001,2001
363,363,79,70,,ITA,p,859.0,,female,-0.00099,,0.0011641443539000002,0,0,0,1987,1987
365,365,69,60,,ITA,p,1123.0,,female,-0.00099,,0.00178094390027,0,0,0,1987,1987
368,368,99,30,,EST,p,82101.0,0.00193,female,-0.00099,0.00251,0.00539579298669,0,0,0,1996,1996
369,369,59,50,,ITA,p,1335.0,,female,-0.00099,,0.0,0,0,0,1987,1987
371,371,49,0,,ITA,p,8707.0,,female,-0.00099,,0.0,0,0,0,1987,1987
373,373,64,60,,BGR,p,4660.0,,total,-0.00099,,0.0,0,0,0,1999,1999
374,374,60,51,,IND,p,600.0,,female,-0.00099,,0.0,0,0,0,1993,1992
375,375,99,30,,ITA,p,120000.0,,total,-0.00099,,0.002525,0,0,0,1995,1990
377,377,79,75,,ITA,p,330.0,,female,-0.00099,,0.00303030303029,1,1,0,1986,1985
379,379,99,30,,URY,p,4468.0,,total,-0.099,,0.00693822739481,1,0,0,1994,1993
381,381,74,70,,ITA,p,443.0,,female,-0.00099,,0.00225733634311,1,1,0,1986,1985
382,382,84,80,,ITA,p,202.0,,female,-0.00099,,0.024752475247400003,1,1,0,1986,1985
386,386,64,60,,ITA,p,489.0,,female,-0.00099,,0.0,1,1,0,1986,1985
387,387,64,60,,JPN,p,3123.0,,female,-0.00099,,0.0006404098623119999,1,1,0,2000,2000
388,388,99,30,,CHL,p,4672408.0,,total,-0.099,,0.00392987941122,1,0,0,1989,1989
389,389,69,65,,ITA,p,491.0,,female,-0.00099,,0.0,1,1,0,1986,1985
391,391,64,60,,JPN,p,2647.0,,female,-0.00099,,0.0037778617302600005,0,0,0,1994,1992
394,394,54,0,,ITA,p,8566.0,,female,-0.00099,,0.000466962409526,1,1,0,1986,1985
395,395,59,55,,ITA,p,630.0,,female,-0.00099,,0.0015873015873,1,1,0,1986,1985
396,396,99,85,,ITA,p,137.0,,female,-0.00099,,0.0072992700729400005,1,1,0,1986,1985
403,403,99,30,,EST,p,103424.0,0.00135,total,-0.00099,0.00185,0.00558864480198,0,0,0,1996,1996
405,405,69,60,,ITA,p,61374.0,,female,-0.00099,,0.00514876006126,0,0,0,1972,1961
406,406,79,70,,ITA,p,37037.0,,female,-0.00099,,0.003861003861,0,0,0,1972,1961
408,408,99,80,,POL,p,26600.0,,total,-0.00099,,0.00236842105263,1,1,0,1986,1986
409,409,99,30,,EST,p,55879.0,0.00133,female,-0.00099,0.00182,0.00336441239106,0,0,0,1996,1996
411,411,59,50,,ARG,p,1962.0,,total,-0.00099,,0.00509683995922,0,0,0,1991,1991
412,412,59,50,,ITA,p,63878.0,,female,-0.00099,,0.00040702589310900004,0,0,0,1972,1961
413,413,99,30,,BGR,p,14336.0,,female,-0.00099,,0.00181361607143,0,0,0,1999,1999
416,416,99,30,,EST,p,26222.0,0.00122,female,-0.00099,0.0016899999999999999,0.0009533979101519999,0,0,0,1996,1996
417,417,49,40,,ITA,p,87805.0,,female,-0.00099,,0.000842776607255,0,0,0,1972,1961
418,418,89,80,,ITA,p,14815.0,,female,-0.00099,,0.0018899763753,0,0,0,1972,1961
421,421,99,30,,BGR,p,48163.0,,female,-0.00099,,0.00498307829662,0,0,0,1999,1999
422,422,39,30,,ITA,p,90909.0,,female,-0.00099,,2.2000022e-05,0,0,0,1972,1961
423,423,64,60,,JPN,p,5752.0,,total,-0.00099,,0.00086926286509,1,1,0,2000,2000
424,424,99,30,,EST,p,49816.0,0.00116,total,-0.00099,0.00162,0.00038140356512,0,0,0,1996,1996
425,425,99,30,,BGR,p,87025.0,,total,-0.00099,,0.006377477736279999,0,1,0,1997,1997
426,426,99,70,,ITA,p,200.0,,total,-99.0,,0.0,1,1,0,1994,1994
427,427,99,30,,CUB,p,17784.0,,total,-0.00099,,0.013382816014399999,0,0,0,1997,1997
429,429,49,40,,BOL,p,786.0,0.0,total,-0.00099,0.0039700000000000004,0.0,0,0,0,1994,1994
430,430,99,85,,ITA,p,,0.014352,total,-0.00099,,0.016269781,0,0,0,2001,2001
431,431,84,75,,ITA,p,,0.011425,total,-0.00099,,0.015190532,0,0,0,2001,2001
432,432,74,65,,ITA,p,,0.004829,total,-0.00099,,0.002685276,0,0,0,2001,2001
436,436,59,50,,EST,p,9662.0,0.0010199999999999999,female,-0.00099,0.00146,0.00165597184848,0,0,0,1996,1996
438,438,99,30,,ITA,p,,0.002022,female,-0.00099,0.0026309999999999997,0.0053701286113800005,0,0,0,2001,2001
439,439,59,50,,POL,p,92221.0,,total,-0.00099,,0.000759046204227,1,1,0,1986,1986
441,441,64,55,,ITA,p,,0.001074,total,-0.00099,0.0019199999999999998,0.0008994790672420001,0,0,0,2001,2001
442,442,54,45,,ITA,p,,0.000303,total,-0.00099,0.000759,8.27200150648e-05,0,0,0,2001,2001
443,443,44,35,,ITA,p,,1.4000000000000001e-05,total,-0.00099,0.000197,9.75900625012e-05,0,0,0,2001,2001
444,444,34,0,,ITA,p,297424.0,,total,-0.00099,,3.36220345366e-06,0,0,0,2001,2001
451,451,59,55,,BGR,p,1917.0,,total,-0.00099,,0.00156494522692,0,0,0,1999,1999
455,455,59,55,,BGR,p,5018.0,,total,-0.00099,,0.00159426066162,0,0,0,1999,1999
457,457,59,55,,JPN,p,3053.0,,female,-0.00099,,0.00032754667540099995,0,0,0,1994,1992
461,461,89,85,,NLD,p,245.0,,female,-0.99,,0.00408163265304,0,0,0,1989,1988
462,462,99,95,,NLD,p,20.0,,female,-0.99,,0.0,0,0,0,1989,1988
463,463,99,80,,TUR,p,39.0,,female,-0.99,,0.0,1,0,0,2000,1999
464,464,84,80,,NLD,p,396.0,,female,-0.99,,0.0151515151515,0,0,0,1989,1988
465,465,99,30,,JPN,p,125291.0,,total,-0.00099,,0.008532137184630001,1,1,0,1981,1975
468,468,94,90,,NLD,p,91.0,,female,-0.99,,0.0,0,0,0,1989,1988
471,471,79,75,,NLD,p,544.0,,female,-0.99,,0.0,0,0,0,1989,1988
476,476,74,70,,NLD,p,684.0,,female,-0.99,,0.0102339181286,0,0,0,1989,1988
477,477,54,50,,JPN,p,2971.0,,female,-0.00099,,0.00134634803097,0,0,0,1994,1992
478,478,59,55,,JPN,p,6041.0,,total,-0.00099,,0.0024830326104899997,1,1,0,2000,2000
479,479,59,55,,JPN,p,3180.0,,female,-0.00099,,0.0,1,1,0,2000,2000
481,481,64,55,,NZL,p,5076.0,,female,-0.00099,,0.00610717100079,0,0,0,2005,2005
482,482,49,45,,JPN,p,3384.0,,female,-0.00099,,0.000295508274232,1,1,0,2000,2000
483,483,99,40,,NGA,p,3412.0,,total,-0.00099,,0.00263774912075,0,0,0,1985,1985
485,485,59,50,,JPN,p,5792.0,,female,-0.00099,,0.0012085635359100001,1,0,0,1985,1985
486,486,54,50,,JPN,p,3861.0,,female,-0.00099,,0.0,1,1,0,2000,2000
487,487,69,65,,NLD,p,705.0,,female,-0.99,,0.0,0,0,0,1989,1988
488,488,54,50,,BGR,p,2060.0,,total,-0.00099,,0.00291262135922,0,0,0,1999,1999
489,489,39,30,,JPN,p,6316.0,,female,-0.00099,,0.0,1,0,0,1985,1985
490,490,99,30,,oceania,p,17000.0,,total,-0.00099,,0.00770588235294,1,1,0,1981,1980
493,493,54,50,,BGR,p,6757.0,,total,-0.00099,,0.0,0,0,0,1999,1999
495,495,89,85,,NLD,p,324.0,,total,-0.99,,0.052469135802300004,0,0,0,1997,1997
496,496,84,80,,NLD,p,576.0,,total,-0.99,,0.005208333333319999,0,0,0,1997,1997
497,497,99,90,,NLD,p,133.0,,total,-0.99,,0.0150375939848,0,0,0,1997,1997
498,498,79,75,,NLD,p,885.0,,total,-0.99,,0.00790960451977,0,0,0,1997,1997
499,499,74,70,,NLD,p,1161.0,,total,-0.99,,0.0025839793281599997,0,0,0,1997,1997
501,501,39,35,,JPN,p,2717.0,,female,-0.00099,,0.0,1,1,0,2000,2000
502,502,69,65,,NLD,p,1318.0,,total,-0.99,,0.00151745068285,0,0,0,1997,1997
503,503,99,95,,NLD,p,20.0,,female,-99.0,,0.0499999999975,0,0,0,1993,1990
504,504,94,85,,NLD,p,336.0,,female,-99.0,,0.0,0,0,0,1993,1990
505,505,69,65,,TUR,p,115.0,,female,-0.99,,0.0,1,0,0,2000,1999
506,506,49,45,,JPN,p,6455.0,,total,-0.00099,,0.000929512006197,1,1,0,2000,2000
507,507,99,30,,COL,p,200.0,,total,-0.00099,,0.0,1,1,0,2000,1996
508,508,59,50,,IND,p,3443.0,,total,-0.00099,,0.0008713331397030001,0,1,0,1986,1986
509,509,84,75,,NLD,p,940.0,,female,-99.0,,0.00425531914893,0,0,0,1993,1990
511,511,54,50,,JPN,p,7386.0,,total,-0.00099,,0.000270782561603,1,1,0,2000,2000
513,513,44,40,,JPN,p,3717.0,,female,-0.00099,,0.000269034167339,0,0,0,1994,1992
518,518,74,65,,NLD,p,1389.0,,female,-99.0,,0.0,0,0,0,1993,1990
520,520,49,40,,EST,p,9749.0,0.00011999999999999999,female,-0.00099,0.00029,0.0005128731151909999,0,0,0,1996,1996
523,523,39,35,,JPN,p,5199.0,,total,-0.00099,,0.00019234468167,1,1,0,2000,2000
524,524,49,40,,JPN,p,5236.0,,female,-0.00099,,0.000572956455309,1,0,0,1985,1985
526,526,99,30,,BGR,p,6163.0,,total,-0.00099,,0.001784845043,0,1,0,1997,1997
527,527,64,55,,NLD,p,1471.0,,female,-99.0,,0.0006798096532969999,0,0,0,1993,1990
528,528,54,50,,TUR,p,136.0,,female,-0.99,,0.0,1,0,0,2000,1999
530,530,99,30,,NGA,p,18594.0,,total,-0.00099,,0.010702377110899998,0,0,0,1982,1982
531,531,99,30,,NLD,p,68928.0,,total,-0.00099,,0.00533890436397,1,1,0,2000,1975
532,532,99,55,,NLD,p,,0.0057,total,-0.00099,0.00702,0.0141030190521,1,1,0,1998,1998
534,534,99,30,,NOR,p,48091.0,,total,-0.00099,,0.00280717805826,1,1,0,1986,1986
535,535,99,30,,ETH,p,60820.0,,total,-0.00099,,0.00317329825715,0,0,0,1988,1986
536,536,99,30,,NOR,p,48091.0,,total,-0.00099,,0.0114990330831,0,0,0,1986,1986
537,537,99,30,,NOR,p,220858.0,,total,-0.00099,,0.00298834545273,1,0,0,2001,1993
538,538,99,30,,NOR,p,110429.0,,female,-0.00099,,0.00224578688569,0,0,0,1993,1992
542,542,99,75,,PRT,p,8412.0,,female,-0.099,,0.0101046124584,1,1,0,1992,1992
543,543,54,40,,NZL,p,41667.0,,female,-0.00099,,0.0011759905920799999,0,0,0,2005,2005
544,544,99,30,,JPN,p,7685.0,,total,-0.00099,,0.00221210149642,1,1,0,1991,1991
546,546,74,65,,PRT,p,10498.0,,female,-0.099,,0.00495332444275,1,1,0,1992,1992
547,547,64,60,,TUR,p,141.0,,female,-0.99,,0.0,1,0,0,2000,1999
548,548,49,40,,ARG,p,1084.0,,female,-0.00099,,0.0009225092250910002,0,0,0,1991,1991
549,549,59,50,,ARG,p,1076.0,,female,-0.00099,,0.00464684014869,0,0,0,1991,1991
551,551,49,40,,ARG,p,2005.0,,total,-0.00099,,0.00199501246883,0,0,0,1991,1991
553,553,64,55,,PRT,p,12828.0,,female,-0.099,,0.00304022450889,1,1,0,1992,1992
554,554,99,30,,PRT,p,115473.0,,female,-0.099,,0.00288379101608,1,1,0,1992,1992
557,557,54,45,,PRT,p,11872.0,,female,-0.099,,0.00025269541779,1,1,0,1992,1992
558,558,34,25,,PRT,p,18283.0,,female,-0.099,,0.0,1,1,0,1992,1992
559,559,4,0,,PRT,p,5299.0,,female,-0.099,,0.0,1,1,0,1992,1992
560,560,39,0,,EST,p,43343.0,,female,-0.00099,,0.0,0,0,0,1996,1996
562,562,59,50,,SGP,p,3371.0,,female,-99.0,,0.000296647878968,0,0,0,2001,2001
563,563,9,5,,PRT,p,7419.0,,female,-0.099,,0.0,1,1,0,1992,1992
565,565,49,45,,JPN,p,3026.0,,female,-0.00099,,0.0006609385327159999,0,0,0,1994,1992
566,566,99,85,,JPN,p,376.0,,female,-0.00099,,0.0212765957446,0,0,0,1994,1992
571,571,49,0,,BGR,p,20515.0,,total,-0.00099,,4.87448208628e-05,0,0,0,1999,1999
572,572,49,0,,BGR,p,63216.0,,total,-0.00099,,0.000158187800557,0,0,0,1999,1999
573,573,49,15,,IND,p,30531.0,,total,-0.00099,,0.0,0,1,0,1986,1986
574,574,14,10,,PRT,p,8277.0,,female,-0.099,,0.0,1,1,0,1992,1992
575,575,24,15,,PRT,p,18550.0,,female,-0.099,,0.0,1,1,0,1992,1992
576,576,44,35,,PRT,p,14035.0,,female,-0.099,,0.00014250089063100002,1,1,0,1992,1992
583,583,79,75,,SWE,p,127.0,,total,-0.99,,0.0,0,0,0,1997,1997
584,584,99,90,,SWE,p,123.0,,total,-0.99,,0.00813008130075,0,0,0,1997,1997
585,585,84,80,,SWE,p,430.0,,total,-0.99,,0.0,0,0,0,1997,1997
586,586,89,85,,SWE,p,309.0,,total,-0.99,,0.00323624595468,0,0,0,1997,1997
587,587,99,30,,SWE,p,145454.0,,total,-0.00099,,0.00430376613912,1,0,0,1989,1989
594,594,44,40,,JPN,p,5565.0,,total,-0.00099,,0.0,1,1,0,2000,2000
600,600,99,30,,SWE,p,50150.0,,total,-99.0,,0.0021734795613200003,1,1,0,2001,2001
601,601,99,30,,europe_western,p,11694.0,,total,-0.00099,,0.00453223875492,0,0,0,1997,1997
602,602,99,95,,FRA,p,28.0,,female,-0.99,,0.0,0,0,0,1989,1988
605,605,89,85,,FRA,p,324.0,,female,-0.99,,0.0,0,0,0,1989,1988
607,607,94,90,,FRA,p,113.0,,female,-0.99,,0.00884955752205,0,0,0,1989,1988
608,608,79,75,,FRA,p,487.0,,female,-0.99,,0.0,0,0,0,1989,1988
617,617,99,65,,CHN,p,6039.0,,total,-99.0,,0.0147375393277,0,0,0,1987,1987
618,618,49,40,,CHN,p,1372.0,,female,-0.00099,,0.0,0,0,0,1995,1993
619,619,59,50,,CHN,p,1680.0,,female,-0.00099,,0.00119047619048,0,0,0,1995,1993
624,624,69,60,,CHN,p,1334.0,,female,-0.00099,,0.0007496251874060001,0,0,0,1995,1993
625,625,79,70,,CHN,p,620.0,,female,-0.00099,,0.016129032257999998,0,0,0,1995,1993
627,627,99,80,,CHN,p,149.0,,female,-0.00099,,0.0,0,0,0,1995,1993
632,632,79,70,,CHN,p,639.0,,female,-0.00099,,0.00625978090766,0,0,0,1994,1993
633,633,59,50,,CHN,p,634.0,,female,-0.00099,,0.0,0,0,0,1994,1993
634,634,69,60,,CHN,p,397.0,,female,-0.00099,,0.00251889168765,0,0,0,1994,1993
635,635,79,70,,CHN,p,279.0,,female,-0.00099,,0.00716845878134,0,0,0,1994,1993
636,636,59,50,,CHN,p,121.0,,total,-0.099,,0.0,0,0,0,1992,1992
637,637,69,60,,CHN,p,129.0,0.0,total,-0.099,0.0229,0.0077519379844399995,0,0,0,1992,1992
638,638,79,70,,CHN,p,114.0,0.0052,total,-0.099,0.0298,0.0263157894735,0,0,0,1992,1992
639,639,99,80,,CHN,p,118.0,0.0109,total,-0.099,0.0399,0.0,0,0,0,1992,1992
641,641,99,0,,CHN,p,20000.0,,female,-0.00099,,0.0042,0,0,0,1986,1986
646,646,64,55,,CHN,p,,0.0015,female,-0.99,0.004,0.0,0,0,0,2002,2002
647,647,74,65,,CHN,p,,0.0081,female,-0.99,0.0133,0.0022017743495200003,0,0,0,2002,2002
648,648,84,75,,CHN,p,,0.0211,female,-0.99,0.0337,0.00198783794217,0,0,0,2002,2002
649,649,99,85,,CHN,p,,0.026000000000000002,female,-0.99,0.0606,0.004019189237719999,0,0,0,2002,2002
650,650,64,55,,CHN,p,1554.0,,female,-99.0,,0.001287001287,0,0,0,2001,1996
652,652,74,65,,CHN,p,1068.0,,female,-99.0,,0.0056179775280799996,0,0,0,2001,1996
654,654,99,85,,CHN,p,92.0,,female,-99.0,,0.0,1,1,0,2001,1996
655,655,84,75,,CHN,p,445.0,,female,-99.0,,0.011235955056200002,1,1,0,2001,1996
667,667,84,80,,FRA,p,493.0,,female,-0.99,,0.00202839756592,0,0,0,1989,1988
670,670,69,65,,FRA,p,500.0,,female,-0.99,,0.00399999999999,0,0,0,1989,1988
671,671,74,70,,FRA,p,974.0,,female,-0.99,,0.00410677618069,0,0,0,1989,1988
673,673,99,90,,europe_western,p,525.0,,female,-0.99,,0.0171428571428,0,0,0,1997,1997
674,674,89,85,,europe_western,p,1179.0,,female,-0.99,,0.005937234944859999,0,0,0,1997,1997
675,675,84,80,,europe_western,p,2014.0,,female,-0.99,,0.0134061569017,0,0,0,1997,1997
676,676,99,90,,europe_western,p,80.0,,total,-0.99,,0.0124999999998,0,0,0,1997,1997
677,677,79,75,,europe_western,p,2192.0,,female,-0.99,,0.00775547445255,0,0,0,1997,1997
680,680,79,75,,europe_western,p,664.0,,total,-0.99,,0.006024096385529999,0,0,0,1997,1997
682,682,84,80,,europe_western,p,413.0,,total,-0.99,,0.0,0,0,0,1997,1997
685,685,74,70,,europe_western,p,2231.0,,female,-0.99,,0.0004482294935,0,0,0,1997,1997
687,687,69,65,,europe_western,p,2325.0,,female,-0.99,,0.000860215053763,0,0,0,1997,1997
689,689,89,85,,europe_western,p,221.0,,total,-0.99,,0.013574660633399998,0,0,0,1997,1997
690,690,69,65,,europe_western,p,814.0,,total,-0.99,,0.013513513513499999,0,0,0,1997,1997
691,691,74,70,,europe_western,p,600.0,,total,-0.99,,0.0,0,0,0,1997,1997
692,692,99,30,,AUT,p,1562.0,,total,-0.00099,,0.006402048655569999,0,1,0,1986,1986
693,693,99,90,,FRA,p,,0.05,total,-99.0,0.07,0.0272673969428,0,0,0,1998,1989
694,694,99,90,,FRA,p,80.0,,total,-99.0,,0.0124999999998,0,0,0,1998,1989
695,695,84,80,,FRA,p,,0.01,total,-99.0,0.03,0.00967868395294,0,0,0,1998,1989
707,707,59,55,,TUR,p,110.0,,female,-0.99,,0.0,1,0,0,2000,1999
708,708,89,85,,FRA,p,,0.01,total,-99.0,0.04,0.010888519447,0,0,0,1998,1989
709,709,79,75,,FRA,p,,0.01,total,-99.0,0.03,0.022089969867099997,0,0,0,1998,1989
710,710,79,75,,FRA,p,668.0,,total,-99.0,,0.00598802395209,0,0,0,1998,1989
711,711,84,80,,FRA,p,413.0,,total,-99.0,,0.012106537530200003,0,0,0,1998,1989
712,712,89,85,,FRA,p,220.0,,total,-99.0,,0.0,0,0,0,1998,1989
713,713,69,65,,FRA,p,,0.0,total,-99.0,0.01,0.00915657002211,0,0,0,1998,1989
714,714,69,65,,FRA,p,816.0,,total,-99.0,,0.00245098039215,0,0,0,1998,1989
715,715,74,70,,FRA,p,,0.0,total,-99.0,0.01,0.0049003803636,0,0,0,1998,1989
716,716,74,70,,FRA,p,595.0,,total,-99.0,,0.0,0,0,0,1998,1989
722,722,99,30,,DNK,p,200.0,,total,-0.00099,,0.00499999999998,0,0,0,1978,1976
723,723,99,30,,DNK,p,43709.0,,total,-0.00099,,0.0007549932508180001,0,0,0,1995,1995
724,724,99,30,,DNK,p,,,total,-99.0,,0.009378352,0,0,0,1991,1973
725,725,99,30,,DNK,p,,,total,-0.099,,0.004799847,0,0,0,1991,1973
726,726,99,30,,DNK,p,453000.0,,total,-0.00099,,0.00255849889625,1,1,0,1978,1978
727,727,99,30,,DNK,p,56839.0,,total,-0.00099,,0.00100283256215,0,0,0,1997,1997
1416,1416,44,0,,USA,p,76794.0,,female,-0.00099,,5.20874026617e-05,0,0,0,1991,1988
1417,1417,50,30,,USA,p,128148.0,,total,-0.00099,,6.24278178356e-05,1,0,0,1990,1988
2159,2159,59,50,,USA,p,17468.0,,total,-0.00099,,0.0005152278452030001,1,0,0,1990,1988
2160,2160,99,50,,CAN,p,10497.0,,female,-0.00099,,0.0039058778698699997,0,0,0,1986,1986
2161,2161,64,45,,USA,p,20871.0,,female,-0.00099,,0.00019165349048900005,0,0,0,1991,1988
2163,2163,64,40,,USA,p,3016.0,,female,-0.00099,,0.00132625994695,0,0,0,1982,1982
2166,2166,69,60,,USA,p,16179.0,,total,-0.00099,,0.00426478768774,1,0,0,1990,1988
2169,2169,99,40,,USA,p,5032.0,,female,-0.00099,,0.00476947535771,1,1,0,1978,1978
2171,2171,74,65,,USA,p,7792.0,,female,-0.00099,,0.00115503080082,0,0,0,1991,1988
2175,2175,99,85,,USA,p,2295.0,,female,-0.00099,,0.00174291938998,0,0,0,1991,1988
2176,2176,79,70,,USA,p,12556.0,,total,-0.00099,,0.0076457470532,1,0,0,1990,1988
2177,2177,74,65,,USA,p,1235.0,,female,-0.00099,,0.0121457489878,0,0,0,1982,1982
2187,2187,99,75,,USA,p,781.0,,female,-0.00099,,0.00896286811779,0,0,0,1982,1982
2188,2188,84,75,,USA,p,5852.0,,female,-0.00099,,0.012132604237899998,0,0,0,1991,1988
2192,2192,99,80,,USA,p,5590.0,,total,-0.00099,,0.007513416815739999,1,0,0,1990,1988
2402,2402,49,45,,USA,p,,1.98e-05,female,-99.0,0.0004136,0.000557622154547,0,0,0,2006,2006
2403,2403,54,50,,USA,p,,5.6999999999999996e-05,female,-99.0,0.0009712999999999999,0.0013869229744500001,0,0,0,2006,2006
2404,2404,59,55,,USA,p,,0.0013624000000000002,female,-99.0,0.0043445,0.00119178485685,0,0,0,2006,2006
2405,2405,64,60,,USA,p,,0.001067,female,-99.0,0.0040198000000000005,0.00219531557189,0,0,0,2006,2006
2406,2406,69,65,,USA,p,,0.00187,female,-99.0,0.0050364,0.0040503810024,0,0,0,2006,2006
2407,2407,74,70,,USA,p,,0.0042387,female,-99.0,0.0096154,0.000296418128715,0,0,0,2006,2006
2408,2408,79,75,,USA,p,,0.009085700000000002,female,-99.0,0.017309,0.00426167301192,0,0,0,2006,2006
2409,2409,99,80,,USA,p,,0.006985600000000001,female,-99.0,0.0136019,0.00412956703224,0,0,0,2006,2006
